0,-1,1,282642.000,73326.000,61484.000,56252.000,54707.000,55187.000,57828.000,59265.000,58896.000,56376.000,56021.000,54625.000,52519.000,54027.000,56460.000,60478.000,64168.000,67873.938,71743.070,69123.070,66273.070,62537.070,55186.363,47386.781,43776.070,41737.086,40381.793,38991.188,40050.598,43493.930,49466.512,53436.953,53850.695,51518.660,49408.941,48262.875,46597.715,46094.633,45632.695,44382.762,43315.621,42812.727,41298.293,40281.035,40970.602,41005.203,40081.676,38471.500,38708.473,38590.688,39147.543,40549.234,45010.258,47902.766,50768.453,48663.961,48333.199,48705.031,48014.297,45675.441,44533.969,42883.945,41377.246,40312.266,40560.430,40047.316,39419.523,38475.531,38279.961,38111.598,38222.516,36957.828,36175.336,35823.883,34467.977,34019.258,33658.867,32928.988,32959.730,32655.035,32344.910,31597.844,30989.176,30147.615,30188.652,30442.707,29987.840,29490.701,29541.500,29273.648,29603.855,29683.418,29641.566,29084.639,28734.342,28341.637,28532.244,28402.672,28471.975,27588.621,27868.008,27320.703,27043.727,26469.412,26314.414,25909.098,25551.391,25181.330,24831.229,24447.525,25223.100,24713.939,24881.156,24647.598,25007.109,24776.918,24607.736,24548.869,23927.037,24001.164,24259.830,24150.867,23219.236,23270.551,23279.604,23124.926,23150.461,22847.020,22788.531,22945.961,23013.061,22435.594,22212.633,22153.152,22146.359,21813.367,22202.643,22095.916,21757.639,21665.273,21754.592,21940.896,21543.504,21641.756,21593.852,21710.625,21864.973,21691.203,21290.115,20928.191,20794.812,20737.328,20728.691,20729.383,20708.621,20339.863,20296.805,20085.055,19784.840,19713.223,19410.094,18919.719,18904.590,18604.232,18347.211,17687.082,16924.113,16866.387,16785.996,16632.299,16585.625,16479.129,16235.434,16037.244,15711.913,15390.526,15317.422,15375.486,15397.006,15268.818,15173.256,15211.887,14751.262,14599.688,14431.404,14539.195,14567.889,14557.475,14097.295,13976.533,13861.002,13480.172,13774.190,13684.458,14214.438,13591.654,13750.884,13672.148,13311.102,13250.415,13328.220,13166.512,12899.488,12348.999,12419.369,11769.152,12125.493,11721.920,11584.271,11098.965,10757.770,10436.608,10093.793,9349.687,9345.898,9060.582,8800.004,8436.443,8248.264,8478.764,8478.700,8180.917,8121.669,7870.729,7697.180,7492.166,7354.140,7401.732,7541.361,7404.459,7450.501,7360.634,7505.674,7292.187,7564.231,7655.442,7776.111,7667.598,7644.909,7732.243,7742.442,8152.330,8579.208,8944.554,9690.198,10227.670,11661.254,13788.327,17132.238,24517.625,35532.535,60048.898,104050.859,202972.734,371015.062,1962888.000
58,0.000,6.000,1638403.000,0.000,0.000,0.000,0.000,0.000,1.000,2.000,0.000,0.000,0.000,0.000,2.000,0.000,5.000,3.000,8.000,62.000,241.000,727.000,1752.000,4215.000,3806.000,4645.000,5774.000,8255.000,9821.000,7773.000,6873.000,7367.000,8528.000,9311.000,10362.000,10294.000,10386.000,10290.000,10949.000,11562.000,11066.000,9908.000,9548.000,9814.000,9368.000,10137.000,10202.000,10223.000,10855.000,10317.000,10768.000,10263.000,9962.000,9994.000,10358.000,10316.000,10054.000,10202.000,10280.000,10248.000,10765.000,11311.000,11902.000,13133.000,13646.000,15815.000,17938.000,20232.000,27159.000,117731.000,90624.000,36233.000,23688.000,20226.000,19012.000,18971.000,18799.000,18571.000,19138.000,18610.000,18448.000,17438.000,17469.000,17339.000,17025.000,16914.000,16379.000,16231.000,16091.000,16149.000,15643.000,15652.000,15019.000,14818.000,14331.000,14384.000,14615.000,14529.000,14287.000,14214.000,14380.000,14424.000,13824.000,13648.000,13671.000,13663.000,13394.000,13254.000,13629.000,13563.000,13846.000,13457.000,13173.000,13331.000,13739.000,13681.000,14004.000,13625.000,13299.000,13025.000,13196.000,13075.000,13301.000,13269.000,13478.000,13756.000,13776.000,13704.000,12971.000,12303.000,12193.000,12066.000,11649.000,11914.000,12096.000,12350.000,12268.000,11507.000,11516.000,11382.000,11084.000,10943.000,10918.000,19720.000,12013.000,13152.000,17777.000,90975.000,55089.000,41766.000,35710.000,29755.000,26244.000,24481.000,24875.000,25853.000,34247.000,26037.000,35990.000,27290.000,27529.000,29309.000,29548.000,28409.000,29055.000,29169.000,32085.000,36811.000,39117.000,173522.000,120914.000,21231.000,18559.000,16550.000,16546.000,17994.000,21495.000,19688.000,12526.000,5098.000,4372.000,4217.000,4124.000,3988.000,3997.000,3908.000,3980.000,3913.000,3805.000,3715.000,3538.000,3726.000,3623.000,3548.000,3470.000,3449.000,3377.000,3412.000,3342.000,3501.000,3651.000,4605.000,11628.000,3187.000,2990.000,3182.000,3167.000,3125.000,3331.000,3627.000,12982.000,3088.000,3109.000,3173.000,3307.000,3450.000,3801.000,4374.000,5595.000,15169.000,11045.000,33024.000,174520.000,174172.000,2864.000,2311.000,2048.000,1813.000,1694.000,1542.000,1548.000,1409.000,1426.000,1410.000,1368.000,1378.000,1450.000,1507.000,1413.000,1342.000,1272.000,1275.000,1253.000,1190.000,1289.000,1393.000,1426.000,1474.000,1481.000,1527.000,1478.000,1369.000,1390.000,1341.000,1355.000,1363.000,1391.000,1266250.000
59,0.000,6.000,1667631.000,3238.000,4051.000,4572.000,5645.000,7783.000,51788.000,93781.000,10141.000,10177.000,20327.000,13533.000,14965.000,16486.000,19277.000,22050.000,25607.000,29170.000,33883.000,39622.000,45684.000,46168.000,61237.000,53285.000,29230.000,15096.000,12974.000,12319.000,5989.000,4492.000,3621.000,3240.000,2856.000,2480.000,2212.000,2001.000,1900.000,1760.000,1890.000,1574.000,1714.000,1898.000,1824.000,2765.000,9586.000,11051.000,3031.000,1635.000,829154.000,2531.000,1790.000,1645.000,1714.000,1919.000,2151.000,2549.000,3067.000,3454.000,4103.000,4196.000,4578.000,20748.000,6143.000,6155.000,55782.000,78188.000,8919.000,3410.000,2904.000,2861.000,3049.000,3067.000,3196.000,3368.000,3814.000,4286.000,5398.000,6476.000,8589.000,11798.000,19034.000,30193.000,112187.000,63718.000,29016.000,21518.000,20044.000,20591.000,21911.000,24572.000,24601.000,24506.000,24564.000,34986.000,27005.000,27958.000,30158.000,29215.000,29391.000,30445.000,30178.000,32215.000,34674.000,37635.000,44989.000,200855.000,60302.000,28748.000,23994.000,21292.000,21283.000,22814.000,25670.000,24662.000,22199.000,23019.000,11862.000,11245.000,12050.000,20144.000,12049.000,11646.000,11673.000,11422.000,11515.000,11929.000,12032.000,13147.000,13140.000,13126.000,12359.000,11841.000,11660.000,11326.000,11489.000,11604.000,11227.000,11173.000,10666.000,10661.000,10467.000,10204.000,9458.000,9455.000,9037.000,8865.000,8665.000,8173.000,7975.000,7628.000,7602.000,7461.000,7762.000,7464.000,7606.000,7438.000,7525.000,7417.000,7503.000,7728.000,7683.000,8065.000,8144.000,8479.000,8502.000,16440.000,9402.000,9705.000,10089.000,14747.000,63218.000,28335.000,28036.000,22681.000,20440.000,18434.000,23659.000,14374.000,13094.000,13305.000,13814.000,11973.000,10934.000,10283.000,12090.000,9486.000,9932.000,9039.000,8943.000,8987.000,8376.000,8532.000,8744.000,18615.000,8737.000,8009.000,7473.000,7693.000,6744.000,7676.000,8949.000,8289.000,7165.000,7943.000,7975.000,7137.000,5932.000,15734.000,7635.000,6382.000,4481.000,3247.000,2803.000,3790.000,1462.000,1273.000,1559.000,1137.000,1033.000,869.000,937.000,892.000,661.000,679.000,471.000,373.000,343.000,341.000,270.000,247.000,222.000,220.000,194.000,181.000,156.000,162.000,141.000,147.000,136.000,145.000,147.000,149.000,123.000,106.000,128.000,127.000,124.000,102.000,123.000,118.000,124.000,113.000,139.000,123.000,100.000,602327.000
60,0.000,5.956,5745865.000,55.997,58.168,82.526,313.412,138.019,198.470,422.122,8606.892,8067.927,758049.625,54710.141,241.362,247.611,477.160,327.669,368.927,388.337,617.323,7792.554,1809.662,874.447,915.289,1258.985,1642.417,2319.009,2789.044,4262.072,5204.508,6587.325,14526.400,14252.238,19276.773,22900.754,61879.453,78772.438,46457.988,94452.898,33651.508,14025.123,8452.729,10237.072,8072.631,5956.799,4980.913,5234.189,5843.669,6346.139,6621.545,8247.383,10250.281,9850.241,9962.324,11316.580,11557.608,10903.569,10149.504,10531.664,10509.829,10764.334,10837.791,11568.443,11650.932,12029.535,13450.034,15636.347,16263.627,16293.391,17400.244,16729.777,16527.408,17470.992,18295.316,19640.961,18971.863,18776.055,18609.059,18782.666,18846.848,18653.793,18521.121,18949.240,19383.090,19840.410,20094.789,20880.410,21994.051,21359.068,19879.834,19577.566,19761.676,19680.379,19099.432,18940.855,19047.148,19060.350,18852.383,18238.740,18572.650,18266.637,17963.217,17112.371,17250.785,16657.658,16627.883,16492.115,16587.715,16356.897,16424.213,16358.527,16412.738,16606.000,16857.529,16704.168,16906.764,16991.465,17556.033,17134.812,17850.117,18738.211,18390.027,18767.762,18921.479,20292.045,21139.570,20604.553,20268.510,20422.295,20927.578,21821.047,23815.484,27873.594,28505.455,29791.805,30496.725,29965.293,30824.918,31891.074,32504.938,32854.891,34897.570,35692.027,35795.539,38729.336,41272.770,42963.977,46615.465,51187.047,56091.871,56516.770,57343.984,64779.078,74569.500,79367.516,84319.570,97565.688,96445.875,111928.031,250621.750,85013.422,64568.758,59451.180,61187.969,63247.281,60389.391,61927.699,59222.098,53644.250,47755.352,51754.625,55691.352,58677.727,60929.688,64820.359,70803.648,72647.250,77185.391,80675.781,93958.844,284970.219,103937.461,55625.277,60393.957,41634.836,22868.033,20171.316,20868.055,31759.227,139452.766,65795.734,20685.139,17744.432,8738.086,8017.792,8829.713,9646.643,6860.999,8084.415,7098.299,4348.004,4287.546,4923.567,6481.388,10831.764,26133.467,61178.223,71983.062,38095.344,90549.828,28549.896,19897.691,26262.201,16872.723,25671.162,9130.955,12560.086,4748.160,4013.437,13304.900,3787.840,4532.184,10639.892,1875.349,1676.150,2285.121,5490.712,11524.017,13845.076,18511.070,34645.328,90936.875,10490.964,13256.648,6516.988,11893.887,4263.086,3239.970,2843.041,9243.346,1488.394,744.864,439.596,508.168,473.549,290.239,944.245,9024.287,558.827,236.435,325.773,293.296,243.720,49.833,22.133,10.010,3.000
61,0.000,6.000,843315.000,1213.000,1422.000,1547.000,2314.000,2789.000,4216.000,7108.000,17465.000,26826.000,13254.000,3924.000,3160.000,2748.000,2604.000,2409.000,2496.000,2223.000,2208.000,2222.000,2014.000,206868.000,1972.000,1967.000,2007.000,1883.000,1858.000,2099.000,2020.000,2246.000,1918.000,1870.000,1775.000,1793.000,1699.000,1722.000,1676.000,206597.000,1743.000,1828.000,1601.000,1704.000,1710.000,1701.000,1771.000,1776.000,1874.000,2082.000,2229.000,2337.000,5745.000,1972.000,1936.000,1950.000,2040.000,2154.000,2442.000,2772.000,4213.000,10322.000,29275.000,212059.000,208248.000,2813.000,2999.000,6727.000,5806.000,24163.000,11078.000,3391.000,4259.000,3168.000,2091.000,1733.000,1602.000,1586.000,1369.000,1492.000,1383.000,1375.000,1388.000,1340.000,1320.000,1381.000,1468.000,1513.000,1502.000,1550.000,1634.000,1662.000,1817.000,1946.000,1937.000,2062.000,2220.000,2342.000,2409.000,2458.000,2676.000,2830.000,2961.000,3216.000,3490.000,3714.000,4286.000,4762.000,5823.000,8124.000,11392.000,13225.000,23513.000,43917.000,33811.000,21592.000,13163.000,10463.000,8352.000,7363.000,6531.000,6315.000,6151.000,5884.000,5828.000,5797.000,6099.000,6104.000,6202.000,6468.000,6522.000,6682.000,7287.000,7342.000,9255.000,10429.000,8138.000,8772.000,11185.000,12823.000,15070.000,15764.000,12742.000,18783.000,18506.000,27798.000,45159.000,63757.000,49296.000,30208.000,24452.000,23137.000,24181.000,25726.000,25007.000,20459.000,16699.000,13728.000,11550.000,10975.000,9971.000,9763.000,9599.000,8863.000,7934.000,6117.000,5090.000,4816.000,4718.000,4560.000,4429.000,4149.000,3916.000,3397.000,3033.000,2646.000,2566.000,2404.000,2334.000,2347.000,2591.000,4291.000,2797.000,2595.000,2501.000,2912.000,4945.000,14642.000,23218.000,7149.000,3413.000,2157.000,1344.000,957.000,777.000,709.000,530.000,463.000,405.000,363.000,396.000,486.000,599.000,655.000,726.000,729.000,662.000,601.000,706.000,690.000,772.000,913.000,913.000,767.000,709.000,731.000,689.000,691.000,747.000,1044.000,873.000,935.000,1010.000,1072.000,1091.000,1070.000,1047.000,1027.000,1045.000,910.000,918.000,966.000,874.000,891.000,914.000,940.000,952.000,928.000,990.000,1039.000,1147.000,1094.000,1253.000,1257.000,1219.000,1269.000,1350.000,1487.000,2228.000,4484.000,12460.000,24298.000,10008.000,5020.000,6036.000,7805.000,3363.000,98494.000
62,0.000,6.000,409617.000,4087.000,209235.000,4593.000,5136.000,5349.000,7156.000,13242.000,11671.000,9243.000,13386.000,20905.000,13161.000,11639.000,14412.000,18227.000,18470.000,27232.000,17999.000,16205.000,13191.000,13378.000,25997.000,37991.000,44326.000,27394.000,56797.000,48438.000,49217.000,34232.000,23057.000,21004.000,228009.000,24109.000,25581.000,38768.000,30369.000,30219.000,30101.000,47396.000,49161.000,50215.000,50830.000,36116.000,29430.000,35457.000,30241.000,26487.000,22822.000,17359.000,17502.000,18702.000,21630.000,34813.000,36446.000,35644.000,31141.000,27113.000,21539.000,19972.000,20318.000,16312.000,15725.000,20200.000,19443.000,27954.000,20743.000,18307.000,18090.000,18836.000,21150.000,26366.000,27486.000,39724.000,55117.000,45423.000,41951.000,60314.000,49789.000,47931.000,33339.000,31468.000,30083.000,26141.000,36818.000,36216.000,45770.000,54588.000,38443.000,30027.000,29633.000,25833.000,24642.000,24514.000,23750.000,23152.000,23719.000,24440.000,24181.000,24886.000,25497.000,33374.000,37519.000,41576.000,35788.000,36073.000,28626.000,28431.000,27777.000,28160.000,32618.000,29140.000,29309.000,31734.000,32168.000,29448.000,29520.000,29062.000,29484.000,29492.000,29851.000,30532.000,30567.000,31115.000,30747.000,31033.000,34827.000,30060.000,29656.000,29354.000,28309.000,28103.000,27607.000,27739.000,28692.000,28437.000,26998.000,27347.000,27113.000,27943.000,35483.000,29366.000,30157.000,27451.000,27514.000,29725.000,32201.000,41076.000,37398.000,34485.000,29914.000,41263.000,30690.000,26333.000,25459.000,24456.000,23735.000,23224.000,23304.000,23133.000,23000.000,22759.000,22506.000,20765.000,20232.000,19850.000,20667.000,21625.000,25409.000,36632.000,25231.000,24741.000,19662.000,18829.000,19906.000,18276.000,17759.000,18495.000,21596.000,36199.000,25886.000,22950.000,16694.000,14749.000,14016.000,13926.000,15765.000,19773.000,27299.000,25094.000,15899.000,13395.000,12192.000,15238.000,10168.000,9333.000,9705.000,8972.000,9058.000,8940.000,9100.000,9345.000,16337.000,9242.000,11213.000,18657.000,20075.000,9551.000,7465.000,7065.000,6045.000,4046.000,3733.000,3408.000,3314.000,3196.000,3175.000,3314.000,2777.000,2500.000,2253.000,2128.000,2169.000,2044.000,1646.000,1470.000,1352.000,1258.000,1333.000,1204.000,1308.000,1407.000,1561.000,2162.000,4223.000,18311.000,31069.000,21306.000,18214.000,12827.000,9580.000,8325.000,6451.000,5076.000,3338.000,2453.000,2552.000,10622.000,33352.000,3926.000,1668.000,1359.000,1184.000,1086.000,1055.000,72405.000
63,0.000,6.000,1498598.000,93724.000,79384.000,69514.000,53513.000,49077.000,44820.000,43091.000,38206.000,35839.000,33985.000,30434.000,30462.000,30794.000,26549.000,25223.000,23113.000,24015.000,21991.000,19391.000,19538.000,18605.000,18605.000,15794.000,13846.000,12826.000,13393.000,13630.000,14013.000,12037.000,10010.000,9887.000,9467.000,9109.000,9340.000,8471.000,8302.000,8456.000,8455.000,8744.000,9011.000,9947.000,9241.000,9272.000,9456.000,10726.000,10646.000,12542.000,11351.000,14844.000,15053.000,12289.000,12093.000,12125.000,12223.000,13030.000,14654.000,15378.000,14594.000,14990.000,15549.000,15264.000,18069.000,20486.000,25464.000,22601.000,23669.000,23725.000,24025.000,26275.000,33929.000,31190.000,30818.000,31955.000,33878.000,36206.000,37532.000,43746.000,45225.000,41564.000,36827.000,37477.000,32761.000,26275.000,25364.000,26444.000,24238.000,26494.000,33383.000,23901.000,22681.000,22998.000,20868.000,18491.000,23006.000,17950.000,18974.000,20557.000,18860.000,22940.000,23449.000,19862.000,19944.000,23708.000,21346.000,23275.000,26280.000,35676.000,34626.000,39024.000,32765.000,30265.000,24233.000,20755.000,18464.000,17064.000,15713.000,15540.000,15912.000,17695.000,75287.000,18538.000,18232.000,16739.000,15404.000,16093.000,16570.000,18904.000,16848.000,20378.000,19893.000,20000.000,19490.000,22699.000,20509.000,21661.000,22506.000,21731.000,22356.000,23150.000,26789.000,29394.000,29088.000,35852.000,33200.000,32661.000,33957.000,35398.000,36523.000,34930.000,32938.000,28270.000,25090.000,23867.000,22941.000,22904.000,26693.000,21728.000,23017.000,21324.000,19568.000,18947.000,21826.000,24322.000,21353.000,19701.000,24503.000,18478.000,17675.000,17215.000,15198.000,14473.000,14091.000,13648.000,12857.000,12111.000,11538.000,11523.000,11206.000,10611.000,10696.000,10280.000,10134.000,11279.000,9955.000,9845.000,9652.000,11785.000,9761.000,9794.000,10184.000,11385.000,13234.000,10190.000,10135.000,9659.000,8392.000,7835.000,7666.000,7667.000,7994.000,7547.000,7338.000,7649.000,7820.000,104892.000,10762.000,8224.000,7260.000,6738.000,6149.000,6088.000,7787.000,5350.000,5224.000,7412.000,4559.000,4268.000,4133.000,3984.000,3874.000,3987.000,4068.000,4492.000,4333.000,4522.000,5480.000,7156.000,7515.000,9278.000,9892.000,9034.000,10047.000,6193.000,7751.000,6670.000,5015.000,4143.000,3843.000,3722.000,3823.000,3668.000,3906.000,4380.000,5327.000,6172.000,5467.000,8348.000,5253.000,4799.000,3939.000,4098.000,3147.000,2911.000,2796.000,264478.000
64,0.000,6.000,1539636.000,121446.000,108021.000,297603.000,77920.000,69619.000,61954.000,55247.000,53679.000,52794.000,42755.000,39347.000,37685.000,33987.000,30224.000,29129.000,28568.000,26294.000,25833.000,25706.000,24124.000,21547.000,21070.000,19120.000,18514.000,18295.000,18826.000,17477.000,17188.000,15874.000,14501.000,15673.000,14018.000,13331.000,13624.000,13954.000,12924.000,13675.000,13913.000,13551.000,11940.000,13086.000,12633.000,11370.000,11106.000,11318.000,11163.000,11464.000,11746.000,13181.000,15254.000,19921.000,17433.000,16011.000,14654.000,14394.000,14357.000,13993.000,14449.000,14661.000,14509.000,15062.000,15394.000,15213.000,17015.000,16677.000,17389.000,16976.000,16255.000,16183.000,16613.000,21118.000,21352.000,18959.000,20496.000,17996.000,20634.000,22172.000,24138.000,23120.000,23104.000,26379.000,30900.000,31330.000,27494.000,30254.000,26851.000,26840.000,30810.000,33618.000,28657.000,26233.000,24207.000,23384.000,27111.000,27402.000,27959.000,34076.000,34563.000,36152.000,38833.000,40588.000,42149.000,40990.000,39358.000,38543.000,37893.000,39876.000,36094.000,36397.000,36289.000,40558.000,37271.000,38113.000,32891.000,34712.000,29322.000,26877.000,22474.000,20403.000,19455.000,20036.000,17077.000,16712.000,16913.000,17033.000,18760.000,16482.000,16848.000,17663.000,20014.000,25856.000,23830.000,20962.000,21918.000,21031.000,22158.000,25068.000,25508.000,28068.000,31959.000,30691.000,31680.000,32587.000,28930.000,29287.000,23784.000,22510.000,20668.000,19460.000,19199.000,19806.000,20456.000,21627.000,21120.000,20750.000,21074.000,22355.000,21848.000,20319.000,20823.000,20049.000,17433.000,16019.000,14833.000,13606.000,13093.000,12347.000,12184.000,10863.000,9953.000,12058.000,8209.000,5701.000,4943.000,4306.000,4072.000,3770.000,3535.000,3497.000,3336.000,3415.000,3342.000,3313.000,3396.000,3900.000,5590.000,3776.000,3644.000,3706.000,3925.000,3735.000,3906.000,4214.000,4606.000,6472.000,6319.000,5001.000,5009.000,4537.000,4650.000,4531.000,4345.000,4719.000,5196.000,6092.000,5140.000,5077.000,4655.000,4481.000,4523.000,4564.000,4599.000,4821.000,4993.000,4728.000,5043.000,6476.000,5417.000,4776.000,4740.000,4749.000,5324.000,6328.000,4997.000,5102.000,4848.000,5206.000,5550.000,5758.000,6355.000,5660.000,7119.000,8939.000,10879.000,8002.000,6364.000,6369.000,5384.000,6289.000,5606.000,4026.000,3756.000,3351.000,3580.000,3143.000,3181.000,3266.000,2992.000,2857.000,2661.000,2420.000,2428.000,2336.000,2111.000,78154.000
65,0.000,6.000,301932.000,24209.000,21360.000,17149.000,16506.000,16426.000,14868.000,13454.000,14431.000,13340.000,15540.000,13195.000,13631.000,11348.000,10042.000,9160.000,13102.000,8299.000,15387.000,8554.000,7947.000,7625.000,7312.000,6884.000,6626.000,6554.000,6418.000,5937.000,5911.000,5631.000,5414.000,5424.000,5633.000,5716.000,5756.000,5595.000,5478.000,5627.000,5372.000,5542.000,5719.000,8226.000,20723.000,10226.000,9274.000,9186.000,8600.000,11163.000,8675.000,7785.000,7262.000,7558.000,6645.000,5906.000,5521.000,5401.000,5452.000,5156.000,5039.000,5535.000,4663.000,4586.000,4553.000,4500.000,4321.000,4191.000,4358.000,4442.000,5380.000,4936.000,4537.000,4240.000,4494.000,4272.000,4122.000,4054.000,4145.000,4292.000,3918.000,3795.000,3807.000,3718.000,3766.000,3689.000,3425.000,3349.000,3203.000,3219.000,2864.000,2949.000,3059.000,3060.000,3221.000,2744.000,2856.000,3031.000,3282.000,2916.000,2725.000,2564.000,2491.000,2870.000,2566.000,2536.000,2572.000,2417.000,2269.000,2206.000,2271.000,2178.000,2171.000,2286.000,2455.000,2176.000,2111.000,2144.000,2258.000,2367.000,2466.000,2193.000,1950.000,2157.000,1891.000,1831.000,1824.000,1816.000,1843.000,1674.000,1705.000,1682.000,1594.000,1754.000,1823.000,1704.000,1863.000,1834.000,1798.000,1916.000,1974.000,2218.000,2305.000,2002.000,2122.000,1976.000,2023.000,2001.000,1947.000,2016.000,2035.000,2229.000,2225.000,2292.000,2186.000,2252.000,2223.000,2260.000,2399.000,2778.000,3611.000,2509.000,2349.000,2357.000,2335.000,2431.000,2400.000,2789.000,2550.000,2578.000,2656.000,2775.000,2774.000,3203.000,4286.000,2997.000,2943.000,3241.000,3337.000,3006.000,3585.000,3082.000,2980.000,2891.000,3053.000,3176.000,3103.000,3167.000,3388.000,3854.000,4194.000,4028.000,3880.000,3691.000,3792.000,3468.000,3501.000,3657.000,3896.000,3933.000,3871.000,3888.000,3596.000,3443.000,3560.000,3204.000,2922.000,3119.000,3219.000,2732.000,2779.000,3011.000,2676.000,2636.000,2317.000,2362.000,2453.000,3037.000,3925.000,3217.000,3200.000,3160.000,3527.000,3996.000,4036.000,4596.000,4594.000,4895.000,5154.000,5078.000,5106.000,5211.000,5767.000,6072.000,6563.000,7461.000,8264.000,9080.000,10976.000,11808.000,13860.000,14583.000,17000.000,16275.000,16838.000,16974.000,17761.000,18074.000,22015.000,13822.000,11444.000,10172.000,5902.000,4248.000,2761.000,49.000,219.000,688.000
66,0.000,6.000,202661.000,9049.000,9644.000,9690.000,10762.000,11095.000,10097.000,10677.000,11262.000,11365.000,10711.000,11618.000,11983.000,12586.000,12689.000,13512.000,14650.000,13787.000,14324.000,14630.000,16050.000,16350.000,16895.000,16672.000,16487.000,17859.000,17345.000,19406.000,20571.000,20056.000,20148.000,20836.000,21851.000,21726.000,21902.000,22230.000,21860.000,23370.000,23194.000,22584.000,21267.000,20948.000,20967.000,21842.000,22052.000,20964.000,21009.000,20246.000,19724.000,19359.000,19602.000,18974.000,19063.000,19083.000,19041.000,19622.000,20164.000,20881.000,20116.000,21034.000,20170.000,19124.000,18775.000,18795.000,19546.000,18736.000,19072.000,19699.000,19232.000,19178.000,20132.000,19246.000,19777.000,19195.000,19672.000,19510.000,19088.000,19124.000,19006.000,18856.000,18830.000,19380.000,20163.000,19243.000,18403.000,19244.000,19903.000,19781.000,20284.000,20982.000,20678.000,20970.000,20587.000,19557.000,18806.000,17910.000,18201.000,17862.000,18249.000,18471.000,17878.000,17399.000,16969.000,16255.000,16213.000,15550.000,14866.000,14070.000,13759.000,13815.000,13536.000,13954.000,14605.000,14940.000,14425.000,14590.000,14760.000,14061.000,13234.000,13536.000,13250.000,12595.000,13130.000,13501.000,13679.000,13039.000,12724.000,12932.000,13808.000,13980.000,14636.000,15113.000,14713.000,14448.000,14216.000,13142.000,12646.000,12345.000,12328.000,11703.000,11278.000,11135.000,11411.000,11610.000,12057.000,12075.000,13184.000,14364.000,12533.000,11959.000,12661.000,12642.000,11571.000,11277.000,10126.000,9952.000,10033.000,10425.000,10354.000,10586.000,11281.000,10767.000,9689.000,9749.000,9657.000,9139.000,9238.000,8134.000,8311.000,9294.000,8516.000,8063.000,7846.000,7613.000,7730.000,7603.000,7267.000,7356.000,6502.000,6277.000,6701.000,6621.000,5900.000,5700.000,5746.000,5889.000,6282.000,5579.000,5341.000,5214.000,5003.000,4975.000,4997.000,4929.000,4930.000,4737.000,4945.000,5290.000,5313.000,5103.000,5033.000,5262.000,5388.000,6658.000,5911.000,5442.000,4917.000,4751.000,4256.000,4176.000,4511.000,4422.000,4392.000,5142.000,4191.000,4292.000,4577.000,4293.000,3819.000,4043.000,3932.000,3801.000,3223.000,3137.000,2953.000,2931.000,2876.000,2824.000,2426.000,2207.000,1936.000,1775.000,1619.000,1623.000,1469.000,1502.000,1382.000,1283.000,1255.000,1263.000,1193.000,1115.000,1183.000,1033.000,994.000,922.000,953.000,868.000,896.000,778.000,767.000,756.000,726.000,727.000,711.000,41903.000
67,0.000,6.000,1021307.000,37463.000,36491.000,35771.000,34968.000,34251.000,33682.000,32843.000,31564.000,31885.000,31666.000,30872.000,29961.000,29898.000,28768.000,28955.000,28017.000,27241.000,28323.000,25917.000,25270.000,24475.000,23714.000,23232.000,22150.000,21487.000,20817.000,21123.000,21190.000,21310.000,21524.000,21924.000,21514.000,21940.000,22081.000,22246.000,21703.000,21521.000,21411.000,21393.000,20528.000,20211.000,19905.000,18884.000,18146.000,16990.000,17093.000,16222.000,15971.000,15014.000,14444.000,14030.000,14095.000,13894.000,13672.000,13441.000,13632.000,13189.000,12946.000,12404.000,11803.000,11453.000,10704.000,10255.000,10062.000,9425.000,9218.000,9105.000,9033.000,9229.000,9416.000,8889.000,8939.000,9449.000,9368.000,10039.000,9938.000,9883.000,9270.000,9020.000,8664.000,8811.000,8617.000,8738.000,9358.000,8905.000,8815.000,8555.000,8092.000,7792.000,7506.000,7574.000,7559.000,7058.000,6849.000,6529.000,6043.000,5997.000,5965.000,5756.000,5825.000,5648.000,5499.000,5360.000,5481.000,5282.000,5241.000,5280.000,5209.000,5211.000,5093.000,4627.000,4960.000,4883.000,4618.000,4481.000,4319.000,4408.000,4343.000,4447.000,4853.000,4694.000,4826.000,4866.000,4817.000,4880.000,4841.000,4705.000,4662.000,4845.000,4586.000,4767.000,4950.000,5006.000,5007.000,4803.000,4947.000,4883.000,4878.000,5041.000,5201.000,4951.000,5192.000,5090.000,5010.000,5407.000,5512.000,5551.000,5412.000,5243.000,4929.000,5004.000,4642.000,4469.000,4399.000,4388.000,4337.000,4338.000,4201.000,4193.000,4175.000,4323.000,4181.000,4006.000,3994.000,4162.000,3986.000,3911.000,3794.000,3773.000,3875.000,3926.000,3999.000,3945.000,3912.000,3851.000,3790.000,3890.000,4201.000,4173.000,4105.000,4355.000,4219.000,3919.000,3782.000,3364.000,3024.000,2889.000,2750.000,2755.000,2788.000,2675.000,2878.000,2878.000,2864.000,2965.000,2964.000,2898.000,2936.000,2985.000,2914.000,2963.000,3122.000,3050.000,3119.000,3015.000,2988.000,2932.000,3009.000,2910.000,3061.000,2867.000,2707.000,2741.000,2839.000,2612.000,2652.000,2441.000,2426.000,2418.000,2289.000,2241.000,2068.000,2429.000,2246.000,2122.000,2001.000,2008.000,1592.000,1542.000,1397.000,1283.000,1402.000,1224.000,1134.000,1128.000,900.000,770.000,719.000,836.000,948.000,887.000,926.000,645.000,719.000,625.000,534.000,591.000,581.000,592.000,550.000,731.000,574.000,598.000,625.000,15896.000
68,0.000,6.000,888828.000,16163.000,15810.000,15888.000,15993.000,16273.000,16383.000,16356.000,16147.000,16117.000,15921.000,16152.000,16111.000,15650.000,16047.000,15887.000,15639.000,15675.000,15705.000,15568.000,15403.000,15359.000,15009.000,15088.000,15016.000,15255.000,15434.000,15565.000,15771.000,15606.000,15900.000,16106.000,16106.000,16154.000,16432.000,16484.000,17145.000,17143.000,17200.000,17739.000,17644.000,18055.000,18213.000,18058.000,18383.000,18303.000,18669.000,18585.000,18458.000,18555.000,18877.000,18660.000,18653.000,18482.000,18005.000,17757.000,16855.000,16518.000,16242.000,16253.000,15851.000,15622.000,15292.000,14739.000,14467.000,13901.000,13737.000,13280.000,13217.000,12786.000,13096.000,12611.000,12176.000,12035.000,11489.000,11203.000,11079.000,10535.000,10429.000,10358.000,9949.000,9815.000,9619.000,9792.000,9314.000,9243.000,9406.000,9240.000,9802.000,9494.000,9609.000,9548.000,9593.000,9513.000,9574.000,9481.000,9583.000,9562.000,9445.000,9575.000,9316.000,9678.000,9359.000,9137.000,8705.000,8988.000,8607.000,8655.000,8669.000,8842.000,8959.000,8745.000,8996.000,8898.000,8913.000,8691.000,9122.000,8859.000,9063.000,9001.000,9014.000,8992.000,8892.000,8800.000,8917.000,8664.000,8858.000,8672.000,8595.000,8549.000,8356.000,8147.000,8263.000,8297.000,8017.000,7943.000,7908.000,7763.000,7903.000,7919.000,7723.000,7911.000,7989.000,7907.000,7858.000,7920.000,7847.000,8005.000,8046.000,7995.000,8015.000,7869.000,7936.000,7885.000,7892.000,7631.000,7421.000,7558.000,7174.000,7092.000,6837.000,6833.000,6780.000,6610.000,6277.000,6206.000,6105.000,5892.000,5848.000,5496.000,5290.000,5364.000,5143.000,4948.000,4615.000,4630.000,4417.000,4258.000,4205.000,4106.000,3956.000,3941.000,3996.000,3867.000,3810.000,3442.000,3430.000,3328.000,3424.000,3609.000,3369.000,3274.000,3392.000,3217.000,3298.000,3246.000,3301.000,3235.000,3150.000,2957.000,2965.000,2751.000,2762.000,2852.000,2735.000,2661.000,2648.000,2464.000,2490.000,2553.000,2485.000,2416.000,2574.000,2468.000,2468.000,2400.000,2403.000,2320.000,2280.000,2301.000,2230.000,2253.000,2232.000,2291.000,2292.000,2257.000,2172.000,2303.000,2370.000,2328.000,2291.000,2372.000,2371.000,2352.000,2178.000,2015.000,2157.000,2154.000,2064.000,2109.000,2197.000,2214.000,2084.000,1977.000,1899.000,1910.000,1878.000,1820.000,1791.000,1714.000,1723.000,1683.000,1672.000,1579.000,1680.000,150231.000
69,0.000,6.000,95111.000,4393.000,4953.000,4460.000,4318.000,4334.000,4185.000,4254.000,5465.000,4625.000,4653.000,4640.000,4249.000,5999.000,4541.000,4348.000,4073.000,6882.000,4864.000,4360.000,4294.000,12239.000,4715.000,4560.000,4355.000,8547.000,4561.000,4303.000,4311.000,5822.000,8148.000,4564.000,4443.000,4249.000,4331.000,4134.000,5829.000,5218.000,4279.000,4195.000,5733.000,4494.000,4325.000,4272.000,4114.000,4121.000,3941.000,5879.000,6652.000,4265.000,4029.000,4088.000,4074.000,4090.000,3957.000,3825.000,3776.000,3751.000,3671.000,3628.000,3547.000,3599.000,6049.000,4037.000,4223.000,4136.000,3963.000,3824.000,3842.000,3913.000,3850.000,3804.000,3768.000,3832.000,3787.000,3804.000,3715.000,3675.000,3603.000,3601.000,3523.000,3474.000,3490.000,3360.000,3427.000,3313.000,3320.000,3409.000,3425.000,3525.000,3432.000,3564.000,3428.000,3505.000,3499.000,3548.000,3782.000,6014.000,3013.000,2931.000,2875.000,2946.000,2927.000,3008.000,2891.000,2842.000,2868.000,2873.000,2865.000,2881.000,2708.000,2916.000,2842.000,2814.000,2813.000,2819.000,2772.000,2748.000,2857.000,2717.000,2718.000,2733.000,2629.000,2587.000,2630.000,2514.000,2643.000,2484.000,2604.000,2599.000,2550.000,2440.000,2362.000,2250.000,2235.000,2268.000,2380.000,2268.000,2278.000,2196.000,2187.000,2168.000,2077.000,2136.000,2008.000,1998.000,1927.000,1870.000,1903.000,1791.000,1807.000,1777.000,1823.000,1713.000,1674.000,1661.000,1753.000,1746.000,1691.000,1645.000,1764.000,1628.000,1632.000,1655.000,1640.000,1633.000,1823.000,1775.000,1825.000,1862.000,1925.000,1800.000,1770.000,1830.000,1922.000,1864.000,1952.000,2056.000,2125.000,2159.000,4139.000,1651.000,1654.000,1732.000,1852.000,1743.000,1597.000,1665.000,1593.000,1657.000,1633.000,1650.000,1597.000,1548.000,1673.000,1653.000,1717.000,1662.000,1730.000,1744.000,1642.000,1581.000,1658.000,1633.000,1626.000,1636.000,1548.000,1616.000,1446.000,1397.000,1481.000,1393.000,1305.000,1290.000,1229.000,1323.000,1182.000,1155.000,1200.000,1188.000,1149.000,1067.000,1064.000,1024.000,1159.000,1161.000,1156.000,1185.000,1082.000,1130.000,1121.000,1289.000,3470.000,850.000,740.000,709.000,782.000,782.000,755.000,862.000,968.000,1020.000,1023.000,3376.000,664.000,694.000,816.000,776.000,889.000,7632.000,319.000,400.000,391.000,509.000,387.000,3992.000
70,0.000,6.000,128340.000,3173.000,3219.000,3265.000,3404.000,3488.000,3735.000,3861.000,3922.000,3937.000,4106.000,4230.000,4394.000,4497.000,4619.000,4796.000,4974.000,5192.000,5308.000,5388.000,5577.000,5722.000,5899.000,6109.000,6307.000,6393.000,6462.000,6557.000,6687.000,6990.000,7053.000,7212.000,7527.000,7519.000,7641.000,7968.000,7722.000,7902.000,8256.000,8475.000,8541.000,8587.000,8424.000,8757.000,8875.000,9088.000,8994.000,9264.000,9320.000,9655.000,9604.000,9845.000,9995.000,10322.000,10521.000,10570.000,10540.000,10770.000,10793.000,11056.000,11160.000,11132.000,11222.000,11238.000,11083.000,11006.000,11060.000,11033.000,11222.000,11125.000,11206.000,11190.000,11143.000,11274.000,11479.000,11394.000,11370.000,11551.000,11435.000,11234.000,11084.000,11064.000,11172.000,10641.000,10821.000,10805.000,10580.000,10269.000,10310.000,10261.000,10261.000,10334.000,10366.000,10375.000,10440.000,10269.000,10291.000,10147.000,10089.000,10064.000,10100.000,10207.000,9966.000,9967.000,9747.000,9900.000,9867.000,9890.000,9583.000,9371.000,9578.000,9265.000,9291.000,9068.000,8877.000,9016.000,9041.000,8702.000,8626.000,8634.000,8435.000,8295.000,8185.000,8265.000,8216.000,8234.000,8079.000,8015.000,7769.000,7766.000,7662.000,7468.000,7439.000,7504.000,7244.000,7493.000,7304.000,7302.000,6966.000,6935.000,6743.000,6690.000,6768.000,6748.000,6479.000,6495.000,6350.000,6139.000,6018.000,6016.000,5958.000,5761.000,5666.000,5721.000,5589.000,5286.000,5248.000,5188.000,4917.000,4985.000,4938.000,4873.000,4748.000,4767.000,4620.000,4478.000,4376.000,4331.000,4216.000,4130.000,4080.000,3962.000,3923.000,3940.000,3768.000,3740.000,3583.000,3529.000,3495.000,3503.000,3377.000,3263.000,3299.000,3227.000,3255.000,3215.000,3345.000,3130.000,3005.000,3084.000,3116.000,2845.000,2911.000,2848.000,2805.000,2788.000,2808.000,2546.000,2324.000,2308.000,2301.000,2275.000,2168.000,2061.000,1996.000,1851.000,1848.000,1744.000,1706.000,1580.000,1497.000,1408.000,1397.000,1363.000,1304.000,1227.000,1123.000,1081.000,938.000,922.000,863.000,806.000,722.000,668.000,674.000,625.000,620.000,533.000,518.000,510.000,466.000,452.000,451.000,427.000,394.000,425.000,393.000,387.000,394.000,330.000,311.000,325.000,291.000,309.000,317.000,293.000,268.000,249.000,267.000,275.000,255.000,247.000,204.000,220.000,204.000,11834.000
71,0.000,6.000,549401.000,9799.000,12598.000,10584.000,10343.000,9993.000,10123.000,9761.000,9733.000,9455.000,9727.000,9597.000,9467.000,9296.000,9319.000,9189.000,9572.000,9448.000,9548.000,9183.000,9499.000,9378.000,9530.000,9402.000,9482.000,9366.000,9564.000,9347.000,10146.000,9202.000,8996.000,9121.000,8976.000,9202.000,8897.000,8877.000,9054.000,8782.000,8878.000,8812.000,8693.000,8609.000,8819.000,8861.000,8876.000,8808.000,8853.000,8674.000,8643.000,8581.000,8566.000,8520.000,8685.000,8488.000,8508.000,8499.000,8084.000,8207.000,8260.000,8256.000,8252.000,8122.000,8158.000,8275.000,8153.000,7972.000,8093.000,9546.000,7730.000,7667.000,7813.000,7566.000,7405.000,7342.000,6834.000,6803.000,7046.000,9523.000,6354.000,6214.000,6205.000,6168.000,6196.000,5988.000,5846.000,5704.000,5696.000,5831.000,5781.000,5628.000,5551.000,5523.000,5396.000,5388.000,5297.000,5148.000,5015.000,4941.000,4981.000,4955.000,4962.000,4743.000,4699.000,4648.000,4594.000,4466.000,4359.000,4377.000,4204.000,4212.000,4149.000,4154.000,3973.000,3939.000,3871.000,3742.000,3776.000,3748.000,3571.000,3640.000,3616.000,3549.000,3442.000,3316.000,3287.000,3303.000,3239.000,3135.000,3040.000,3155.000,3093.000,3082.000,3093.000,3042.000,3070.000,2887.000,2866.000,2967.000,2794.000,2924.000,2828.000,2723.000,2853.000,2789.000,2645.000,2579.000,2619.000,2555.000,2609.000,2553.000,2494.000,2528.000,2483.000,2474.000,3081.000,2187.000,2075.000,2081.000,2007.000,2049.000,1990.000,1967.000,2014.000,1991.000,1962.000,1920.000,1916.000,1850.000,1885.000,1779.000,1722.000,1725.000,1704.000,1626.000,1704.000,1609.000,1538.000,1550.000,1448.000,1454.000,1494.000,1395.000,1372.000,1309.000,1258.000,1321.000,1187.000,1233.000,1216.000,1178.000,1211.000,1095.000,1080.000,1043.000,1061.000,927.000,913.000,923.000,895.000,900.000,823.000,800.000,803.000,789.000,681.000,700.000,646.000,628.000,619.000,627.000,592.000,561.000,542.000,507.000,522.000,429.000,462.000,411.000,441.000,407.000,445.000,366.000,377.000,362.000,356.000,322.000,381.000,332.000,330.000,298.000,303.000,256.000,247.000,228.000,248.000,233.000,242.000,217.000,247.000,209.000,194.000,189.000,162.000,170.000,160.000,119.000,181.000,148.000,133.000,119.000,101.000,110.000,121.000,117.000,124.000,4716.000
72,0.000,6.000,269730.000,4691.000,4792.000,4989.000,5001.000,4969.000,5369.000,5212.000,5295.000,5363.000,5580.000,5671.000,5751.000,5795.000,5847.000,6016.000,6113.000,6138.000,6295.000,6187.000,6252.000,6335.000,6404.000,6403.000,6583.000,6621.000,6814.000,6656.000,6801.000,6808.000,6754.000,7186.000,6912.000,7060.000,7108.000,7025.000,7250.000,7414.000,7371.000,7506.000,7392.000,7634.000,7703.000,7552.000,7666.000,7905.000,8033.000,8094.000,8065.000,8321.000,8370.000,8465.000,8487.000,8537.000,8521.000,8728.000,8860.000,8936.000,9079.000,9184.000,9139.000,9314.000,9369.000,9405.000,9640.000,9406.000,9659.000,9661.000,9797.000,9914.000,10037.000,10093.000,10051.000,10236.000,10292.000,10406.000,10622.000,10708.000,10490.000,10488.000,10564.000,10490.000,10272.000,10262.000,10032.000,10123.000,9997.000,9830.000,9901.000,9791.000,9687.000,9556.000,9728.000,9792.000,9775.000,9808.000,9551.000,9638.000,9734.000,9651.000,9446.000,9580.000,9582.000,9384.000,9465.000,9296.000,9027.000,9070.000,8934.000,9057.000,8577.000,8651.000,8667.000,8658.000,8544.000,8223.000,8174.000,8011.000,7840.000,7709.000,7692.000,7591.000,7522.000,7273.000,7169.000,7205.000,6967.000,6699.000,6697.000,6550.000,6459.000,6298.000,6385.000,6086.000,5970.000,5871.000,5824.000,5819.000,5606.000,5361.000,5282.000,5436.000,5295.000,5280.000,5051.000,4857.000,4959.000,4894.000,4694.000,4689.000,4628.000,4603.000,4474.000,4291.000,4290.000,4304.000,4181.000,4218.000,4144.000,4151.000,4108.000,3967.000,3922.000,3996.000,3685.000,3627.000,3649.000,3493.000,3409.000,3236.000,3206.000,3104.000,3131.000,3022.000,2855.000,2783.000,2702.000,2654.000,2705.000,2672.000,2485.000,2502.000,2344.000,2355.000,2293.000,2235.000,2215.000,2087.000,2184.000,1917.000,2029.000,1949.000,1871.000,1824.000,1765.000,1717.000,1661.000,1662.000,1643.000,1545.000,1533.000,1534.000,1401.000,1349.000,1325.000,1255.000,1274.000,1220.000,1162.000,1179.000,1168.000,1078.000,1083.000,1046.000,993.000,1003.000,954.000,908.000,903.000,880.000,801.000,808.000,796.000,722.000,706.000,703.000,701.000,674.000,685.000,616.000,617.000,612.000,608.000,625.000,544.000,488.000,527.000,483.000,482.000,512.000,452.000,484.000,427.000,431.000,418.000,405.000,425.000,388.000,435.000,365.000,358.000,376.000,397.000,330.000,319.000,15055.000
73,0.000,6.000,513773.000,9269.000,9183.000,11445.000,9000.000,9061.000,10994.000,8942.000,9046.000,8845.000,8761.000,8807.000,8748.000,8602.000,8348.000,8316.000,8417.000,8312.000,8311.000,8298.000,13869.000,8399.000,8572.000,8669.000,8439.000,8256.000,8270.000,8403.000,8294.000,8495.000,8451.000,8579.000,8702.000,9288.000,9039.000,9311.000,9423.000,8743.000,8306.000,8243.000,8549.000,8336.000,8500.000,9354.000,8096.000,8260.000,8244.000,8176.000,8222.000,8353.000,8147.000,8080.000,8264.000,8449.000,8205.000,8184.000,8027.000,7709.000,7810.000,7880.000,7813.000,7653.000,7757.000,7599.000,7564.000,7510.000,7692.000,7545.000,7630.000,9501.000,6843.000,6820.000,6784.000,6833.000,6815.000,6668.000,6694.000,6678.000,6582.000,6538.000,6660.000,6465.000,6415.000,6373.000,6473.000,6282.000,6310.000,6401.000,6342.000,6150.000,6209.000,6134.000,6097.000,6001.000,5964.000,5983.000,6033.000,5994.000,5941.000,5916.000,5794.000,5784.000,5602.000,5810.000,5693.000,5539.000,5532.000,5505.000,5556.000,5381.000,5401.000,5291.000,5241.000,5271.000,5220.000,4947.000,4971.000,4943.000,4883.000,4833.000,4669.000,4765.000,4659.000,4490.000,4560.000,4495.000,4353.000,4365.000,4262.000,4321.000,4132.000,4112.000,4115.000,4105.000,4008.000,3969.000,3801.000,3885.000,3879.000,3930.000,4608.000,3706.000,3718.000,3686.000,3771.000,3535.000,3538.000,3473.000,3422.000,3477.000,3361.000,3465.000,3312.000,3387.000,2922.000,2931.000,2771.000,2727.000,2693.000,2652.000,2676.000,2652.000,2517.000,2526.000,2481.000,2542.000,2340.000,3006.000,1932.000,2010.000,2795.000,1689.000,1627.000,1526.000,1504.000,1516.000,1417.000,1403.000,1386.000,1329.000,1243.000,1289.000,1188.000,1111.000,1145.000,1144.000,1070.000,1038.000,1026.000,984.000,978.000,921.000,906.000,896.000,875.000,1200.000,1014.000,917.000,836.000,742.000,686.000,718.000,709.000,691.000,681.000,643.000,599.000,611.000,559.000,580.000,554.000,538.000,576.000,504.000,525.000,487.000,509.000,476.000,435.000,388.000,414.000,402.000,438.000,381.000,336.000,354.000,376.000,329.000,323.000,303.000,310.000,304.000,314.000,267.000,283.000,233.000,264.000,217.000,208.000,182.000,187.000,182.000,187.000,178.000,160.000,134.000,135.000,126.000,121.000,126.000,97.000,125.000,103.000,99.000,102.000,1271.000
74,0.000,6.000,383071.000,5422.000,5573.000,5589.000,5842.000,5828.000,5899.000,5999.000,5939.000,6103.000,6066.000,6030.000,6165.000,6275.000,6478.000,6388.000,6650.000,6615.000,6670.000,6651.000,6812.000,6729.000,6957.000,6978.000,6871.000,7223.000,7141.000,7156.000,7250.000,7434.000,7403.000,7471.000,7499.000,7528.000,7726.000,7533.000,7725.000,7861.000,8098.000,7951.000,7962.000,8233.000,8071.000,8048.000,8147.000,8315.000,8414.000,8477.000,8452.000,8445.000,8521.000,8765.000,8674.000,8773.000,8784.000,8715.000,8733.000,8971.000,8949.000,8862.000,8899.000,8873.000,9001.000,9145.000,9046.000,9125.000,9127.000,9104.000,9237.000,9210.000,9154.000,9212.000,9106.000,9242.000,9384.000,9244.000,9199.000,9422.000,9419.000,9350.000,9288.000,9332.000,9014.000,9067.000,8985.000,8936.000,8961.000,8880.000,8837.000,8893.000,8750.000,8741.000,8595.000,8740.000,8521.000,8696.000,8495.000,8429.000,8370.000,8212.000,8208.000,8091.000,7998.000,8066.000,7872.000,8006.000,7653.000,7508.000,7519.000,7443.000,7386.000,7145.000,7225.000,7151.000,6959.000,7047.000,6851.000,6823.000,6724.000,6602.000,6533.000,6385.000,6288.000,6150.000,6011.000,5873.000,5862.000,5768.000,5545.000,5567.000,5437.000,5417.000,5361.000,5224.000,5088.000,5025.000,4939.000,4927.000,4815.000,4711.000,4590.000,4531.000,4476.000,4407.000,4255.000,4286.000,4111.000,4196.000,4075.000,3948.000,3838.000,3806.000,3839.000,3667.000,3615.000,3504.000,3507.000,3524.000,3417.000,3337.000,3173.000,3151.000,3104.000,2955.000,2834.000,2862.000,2795.000,2742.000,2760.000,2531.000,2529.000,2379.000,2401.000,2344.000,2300.000,2212.000,2146.000,2141.000,2050.000,2004.000,1947.000,1796.000,1843.000,1911.000,1830.000,1752.000,1637.000,1707.000,1593.000,1646.000,1569.000,1575.000,1502.000,1425.000,1398.000,1388.000,1375.000,1298.000,1272.000,1239.000,1176.000,1167.000,1194.000,1173.000,1148.000,1088.000,1060.000,1075.000,1005.000,953.000,996.000,955.000,912.000,910.000,867.000,892.000,850.000,832.000,775.000,810.000,775.000,748.000,754.000,705.000,623.000,613.000,621.000,581.000,585.000,557.000,541.000,531.000,520.000,465.000,458.000,461.000,468.000,417.000,372.000,390.000,349.000,341.000,327.000,361.000,319.000,331.000,297.000,265.000,256.000,271.000,235.000,284.000,259.000,237.000,225.000,5621.000
75,0.000,6.000,520055.000,8116.000,7808.000,7529.000,7429.000,7689.000,7299.000,7470.000,7477.000,7430.000,8702.000,7752.000,7506.000,7291.000,7190.000,7147.000,7038.000,6970.000,6928.000,6795.000,6776.000,7106.000,6887.000,6852.000,6835.000,6951.000,6970.000,7712.000,6809.000,6728.000,6820.000,6774.000,6854.000,6828.000,6727.000,6721.000,6786.000,6861.000,6916.000,7019.000,7051.000,13448.000,6757.000,6801.000,6923.000,6895.000,11726.000,7034.000,7135.000,7116.000,6927.000,7011.000,6834.000,7222.000,11359.000,7050.000,7031.000,6887.000,7012.000,7055.000,6753.000,6838.000,6649.000,6726.000,6889.000,6980.000,6990.000,6822.000,6789.000,6919.000,7050.000,6964.000,10372.000,6374.000,6480.000,6360.000,6433.000,6582.000,6308.000,6415.000,6268.000,6240.000,6245.000,6236.000,6531.000,6240.000,6212.000,6125.000,6306.000,6191.000,6193.000,6217.000,6336.000,6232.000,6156.000,6352.000,7074.000,6752.000,6641.000,6475.000,6369.000,6368.000,6434.000,6407.000,6216.000,6189.000,6142.000,6249.000,6109.000,6030.000,5995.000,5908.000,5931.000,5886.000,5917.000,5636.000,5757.000,5646.000,5614.000,5761.000,5781.000,5903.000,6544.000,6387.000,9652.000,5280.000,5276.000,9878.000,4946.000,6687.000,4967.000,5065.000,4887.000,4962.000,9589.000,4868.000,4625.000,4443.000,4251.000,4172.000,4145.000,4133.000,4164.000,4042.000,4052.000,3994.000,3945.000,3992.000,4058.000,4137.000,4198.000,6284.000,4030.000,3933.000,3698.000,6397.000,3923.000,3744.000,4058.000,2648.000,2573.000,2432.000,2325.000,2325.000,2205.000,2176.000,1996.000,1877.000,1816.000,1835.000,1819.000,1718.000,1768.000,1598.000,1638.000,1570.000,1485.000,1493.000,1455.000,1473.000,1452.000,1348.000,1390.000,1349.000,1271.000,1262.000,1241.000,1228.000,1205.000,4245.000,1324.000,1230.000,1178.000,1061.000,1020.000,930.000,913.000,917.000,892.000,906.000,850.000,815.000,798.000,804.000,782.000,702.000,708.000,675.000,658.000,659.000,613.000,595.000,583.000,592.000,567.000,572.000,583.000,538.000,578.000,532.000,566.000,522.000,569.000,562.000,592.000,565.000,651.000,859.000,1192.000,1015.000,917.000,891.000,822.000,824.000,743.000,799.000,963.000,2081.000,545.000,513.000,579.000,617.000,393.000,264.000,132.000,88.000,67.000,56.000,61.000,49.000,56.000,37.000,29.000,33.000,37.000,724.000
76,0.000,6.000,472765.000,6434.000,6395.000,6459.000,6408.000,6475.000,6530.000,6577.000,6697.000,6665.000,6778.000,6886.000,6883.000,6937.000,7026.000,7154.000,7054.000,7191.000,7184.000,7213.000,7231.000,7103.000,7426.000,7437.000,7494.000,7579.000,7450.000,7554.000,7589.000,7640.000,7815.000,7781.000,7826.000,7904.000,7893.000,7871.000,7924.000,8099.000,8062.000,8058.000,8014.000,8189.000,8186.000,8106.000,8310.000,8255.000,8108.000,8227.000,8228.000,8212.000,8408.000,8328.000,8266.000,8416.000,8267.000,8427.000,8439.000,8512.000,8376.000,8476.000,8502.000,8540.000,8496.000,8502.000,8543.000,8441.000,8503.000,8788.000,8695.000,8628.000,8510.000,8712.000,8720.000,8962.000,8781.000,8718.000,8601.000,8830.000,8638.000,8479.000,8467.000,8356.000,8247.000,8242.000,8213.000,8158.000,8069.000,8201.000,8186.000,8186.000,8122.000,7981.000,8139.000,7954.000,8049.000,7937.000,7805.000,7942.000,7648.000,7749.000,7693.000,7563.000,7631.000,7393.000,7525.000,7439.000,7360.000,7309.000,7246.000,7125.000,7048.000,6972.000,6949.000,6947.000,6667.000,6496.000,6419.000,6304.000,6289.000,6039.000,5991.000,5937.000,5774.000,5570.000,5564.000,5502.000,5249.000,5180.000,4950.000,5045.000,4913.000,4712.000,4692.000,4550.000,4531.000,4360.000,4301.000,4151.000,3964.000,4086.000,4002.000,3737.000,3691.000,3506.000,3604.000,3471.000,3313.000,3407.000,3090.000,3174.000,3112.000,2950.000,2856.000,2868.000,2754.000,2692.000,2596.000,2558.000,2569.000,2487.000,2399.000,2259.000,2303.000,2282.000,2058.000,2103.000,2068.000,2031.000,1918.000,1872.000,1913.000,1738.000,1731.000,1663.000,1578.000,1629.000,1515.000,1453.000,1453.000,1436.000,1439.000,1292.000,1222.000,1291.000,1188.000,1152.000,1186.000,1094.000,1041.000,1016.000,925.000,835.000,877.000,878.000,848.000,801.000,804.000,784.000,779.000,712.000,684.000,701.000,635.000,643.000,615.000,607.000,574.000,525.000,540.000,542.000,525.000,492.000,506.000,438.000,427.000,431.000,398.000,410.000,391.000,394.000,391.000,335.000,343.000,372.000,348.000,345.000,323.000,311.000,306.000,275.000,296.000,312.000,296.000,256.000,248.000,276.000,244.000,223.000,227.000,222.000,216.000,192.000,222.000,205.000,170.000,198.000,173.000,144.000,170.000,125.000,142.000,142.000,147.000,134.000,119.000,4598.000
77,0.000,6.000,464012.000,11870.000,8336.000,7831.000,7408.000,7453.000,13167.000,7246.000,10393.000,7232.000,7030.000,6902.000,6922.000,6973.000,6606.000,6296.000,6302.000,6249.000,6146.000,6289.000,6049.000,6207.000,6116.000,6283.000,5975.000,6189.000,6411.000,8214.000,6300.000,6288.000,6282.000,6229.000,6174.000,6074.000,6290.000,6418.000,6134.000,6134.000,6215.000,6097.000,6243.000,6339.000,6209.000,6188.000,6403.000,6534.000,6908.000,6646.000,6959.000,8137.000,9190.000,7093.000,6902.000,6611.000,10741.000,6957.000,6914.000,6998.000,6880.000,6958.000,7347.000,7406.000,7975.000,7157.000,7179.000,7008.000,9907.000,6558.000,6689.000,6756.000,7220.000,6367.000,6190.000,6212.000,6390.000,6467.000,9411.000,6630.000,6407.000,6494.000,6344.000,6407.000,6440.000,6381.000,6429.000,6228.000,6430.000,6331.000,6291.000,6824.000,6461.000,6334.000,6328.000,6369.000,6261.000,6263.000,18030.000,6260.000,6198.000,6179.000,6232.000,6154.000,6332.000,6521.000,6427.000,6431.000,6355.000,13375.000,7138.000,7217.000,6756.000,6686.000,6698.000,13686.000,6648.000,6506.000,6528.000,6503.000,13206.000,6150.000,6276.000,6228.000,7119.000,6220.000,5956.000,6006.000,6289.000,6202.000,8311.000,5643.000,5874.000,10699.000,5700.000,5251.000,4868.000,4824.000,4717.000,4631.000,4725.000,4493.000,4506.000,4734.000,4582.000,4650.000,4672.000,4655.000,7684.000,4135.000,3637.000,3483.000,3470.000,3353.000,3446.000,3415.000,3345.000,3455.000,3413.000,3428.000,3765.000,9237.000,3499.000,3202.000,3908.000,7381.000,3513.000,3087.000,10381.000,2819.000,2709.000,2599.000,2672.000,2463.000,2485.000,2389.000,2365.000,2286.000,2234.000,2223.000,2068.000,2152.000,2070.000,2174.000,2223.000,1718.000,1779.000,2404.000,5782.000,1423.000,1244.000,1184.000,1147.000,1094.000,1012.000,976.000,912.000,907.000,848.000,785.000,758.000,716.000,717.000,735.000,632.000,621.000,657.000,576.000,589.000,583.000,593.000,608.000,598.000,624.000,671.000,737.000,800.000,964.000,1214.000,2508.000,1323.000,816.000,354.000,306.000,280.000,258.000,303.000,242.000,256.000,232.000,213.000,195.000,202.000,205.000,171.000,151.000,170.000,146.000,153.000,136.000,137.000,130.000,113.000,116.000,103.000,95.000,110.000,96.000,77.000,86.000,80.000,71.000,51.000,56.000,51.000,65.000,57.000,1020.000
78,0.000,6.000,625343.000,8833.000,8872.000,8978.000,8835.000,8831.000,8883.000,8702.000,8772.000,8727.000,8883.000,8765.000,8654.000,8696.000,8733.000,8737.000,8532.000,8594.000,8659.000,8707.000,8584.000,8443.000,8346.000,8269.000,8239.000,8328.000,8329.000,8240.000,8150.000,8287.000,8072.000,8169.000,8054.000,8136.000,8199.000,7926.000,7908.000,7837.000,7898.000,7641.000,7743.000,7673.000,7579.000,7393.000,7594.000,7644.000,7471.000,7451.000,7309.000,7555.000,7331.000,7260.000,7297.000,7115.000,7027.000,7006.000,7011.000,7034.000,7021.000,7036.000,7145.000,6863.000,6738.000,6884.000,6888.000,6823.000,6713.000,6595.000,6638.000,6648.000,6765.000,6826.000,6529.000,6610.000,6692.000,6572.000,6576.000,6504.000,6346.000,6427.000,6421.000,6423.000,6460.000,6295.000,6308.000,6157.000,6181.000,6187.000,6036.000,6008.000,5907.000,5908.000,5941.000,5876.000,5864.000,5865.000,5584.000,5605.000,5567.000,5405.000,5586.000,5427.000,5231.000,5332.000,5242.000,5102.000,5032.000,4863.000,4941.000,4764.000,4614.000,4775.000,4760.000,4675.000,4594.000,4363.000,4543.000,4423.000,4201.000,4173.000,4122.000,4012.000,4050.000,3841.000,3676.000,3665.000,3635.000,3545.000,3343.000,3323.000,3213.000,3260.000,3018.000,3009.000,3021.000,2839.000,2818.000,2726.000,2694.000,2602.000,2545.000,2501.000,2428.000,2322.000,2357.000,2309.000,2151.000,2099.000,2104.000,2019.000,1970.000,2003.000,1910.000,1937.000,1774.000,1740.000,1709.000,1709.000,1627.000,1570.000,1532.000,1516.000,1424.000,1425.000,1333.000,1305.000,1272.000,1251.000,1238.000,1217.000,1102.000,1168.000,1030.000,950.000,970.000,965.000,877.000,891.000,903.000,890.000,856.000,776.000,767.000,747.000,743.000,695.000,630.000,669.000,660.000,635.000,675.000,604.000,579.000,582.000,597.000,553.000,557.000,531.000,510.000,513.000,497.000,498.000,514.000,490.000,478.000,474.000,502.000,428.000,467.000,415.000,418.000,413.000,444.000,444.000,415.000,413.000,412.000,413.000,394.000,429.000,372.000,364.000,345.000,332.000,341.000,374.000,357.000,364.000,358.000,307.000,338.000,342.000,385.000,356.000,339.000,372.000,348.000,385.000,383.000,401.000,436.000,376.000,413.000,370.000,421.000,398.000,389.000,374.000,406.000,429.000,397.000,419.000,408.000,379.000,347.000,21221.000
79,0.000,6.000,511038.000,13983.000,10644.000,10451.000,10946.000,10014.000,9732.000,9671.000,14302.000,9544.000,9228.000,9043.000,8847.000,8708.000,8901.000,8802.000,8778.000,9119.000,9233.000,9442.000,10298.000,10685.000,8894.000,8556.000,8455.000,8555.000,8660.000,9011.000,8794.000,14353.000,8700.000,8156.000,8371.000,8013.000,7983.000,8136.000,7897.000,7930.000,7783.000,7921.000,7852.000,7870.000,7703.000,7988.000,7832.000,7691.000,7720.000,7560.000,7610.000,7808.000,7812.000,8254.000,7817.000,7621.000,7656.000,10192.000,6903.000,6854.000,6825.000,6712.000,6702.000,6622.000,6832.000,6638.000,6524.000,7601.000,6456.000,6340.000,6451.000,6321.000,6371.000,6131.000,5956.000,5953.000,5898.000,5948.000,6466.000,5607.000,5474.000,5375.000,5322.000,5483.000,5234.000,5075.000,5126.000,5176.000,5019.000,5168.000,5143.000,5225.000,5207.000,5261.000,5371.000,8333.000,5481.000,6222.000,5243.000,5385.000,5288.000,5317.000,5607.000,5875.000,11507.000,5173.000,5129.000,5035.000,5245.000,5134.000,5246.000,5453.000,5572.000,5757.000,5918.000,8866.000,5397.000,8031.000,4665.000,6774.000,4355.000,4197.000,4119.000,4075.000,4068.000,3733.000,3667.000,3682.000,3679.000,8557.000,3366.000,3168.000,3302.000,3261.000,3320.000,3357.000,3418.000,3535.000,5296.000,2761.000,2653.000,2678.000,2639.000,2699.000,2652.000,2720.000,2614.000,2862.000,2681.000,2618.000,2774.000,2834.000,2945.000,4095.000,3728.000,8878.000,2631.000,2652.000,2696.000,2449.000,2519.000,2473.000,2517.000,2522.000,2705.000,3850.000,3729.000,2371.000,2238.000,2337.000,3765.000,1905.000,2177.000,1478.000,1376.000,1362.000,7142.000,1362.000,1403.000,1282.000,1304.000,1259.000,1219.000,1248.000,1241.000,1192.000,1207.000,7548.000,1387.000,7809.000,1660.000,1544.000,1693.000,3665.000,1863.000,1461.000,1288.000,1195.000,1205.000,1162.000,1146.000,1133.000,1257.000,2776.000,607.000,511.000,473.000,431.000,430.000,415.000,394.000,359.000,363.000,406.000,334.000,329.000,350.000,301.000,329.000,282.000,307.000,298.000,295.000,257.000,270.000,250.000,296.000,277.000,265.000,271.000,269.000,282.000,283.000,334.000,299.000,328.000,347.000,300.000,323.000,333.000,401.000,845.000,739.000,775.000,644.000,422.000,323.000,285.000,263.000,237.000,200.000,153.000,147.000,133.000,121.000,132.000,110.000,2897.000
80,0.000,6.000,825005.000,8944.000,8887.000,8902.000,8881.000,8762.000,8683.000,8797.000,8722.000,8563.000,8861.000,8590.000,8618.000,8383.000,8366.000,8324.000,8256.000,8381.000,8226.000,8146.000,8359.000,8073.000,7992.000,7945.000,7920.000,7920.000,7801.000,7538.000,7733.000,7564.000,7659.000,7495.000,7431.000,7306.000,7301.000,7188.000,7077.000,7063.000,6955.000,6873.000,6786.000,6713.000,6508.000,6541.000,6516.000,6303.000,6158.000,6159.000,6045.000,5879.000,5837.000,5911.000,5704.000,5695.000,5535.000,5632.000,5359.000,5329.000,5279.000,5231.000,5279.000,5149.000,5044.000,4812.000,4994.000,4849.000,4839.000,4683.000,4791.000,4500.000,4564.000,4626.000,4461.000,4524.000,4375.000,4221.000,4262.000,4306.000,4214.000,4060.000,4217.000,4031.000,4054.000,4021.000,3976.000,4043.000,3906.000,3913.000,3804.000,3893.000,3853.000,3801.000,3661.000,3697.000,3774.000,3669.000,3653.000,3638.000,3639.000,3641.000,3582.000,3652.000,3441.000,3467.000,3588.000,3488.000,3279.000,3371.000,3286.000,3296.000,3201.000,3257.000,3272.000,3174.000,3183.000,3132.000,3220.000,3095.000,2986.000,3068.000,3013.000,2981.000,2731.000,2829.000,2885.000,2853.000,2728.000,2711.000,2697.000,2618.000,2642.000,2616.000,2554.000,2564.000,2535.000,2552.000,2362.000,2425.000,2290.000,2350.000,2232.000,2243.000,2207.000,2182.000,2177.000,2156.000,2145.000,2096.000,1971.000,1954.000,1913.000,1890.000,1816.000,1650.000,1692.000,1697.000,1610.000,1598.000,1538.000,1521.000,1532.000,1494.000,1435.000,1382.000,1347.000,1274.000,1203.000,1179.000,1219.000,1107.000,1029.000,994.000,967.000,1005.000,892.000,879.000,867.000,859.000,879.000,755.000,761.000,774.000,767.000,669.000,711.000,662.000,672.000,626.000,621.000,606.000,585.000,602.000,607.000,558.000,536.000,542.000,515.000,486.000,482.000,487.000,527.000,476.000,453.000,438.000,413.000,397.000,431.000,408.000,378.000,367.000,349.000,342.000,348.000,327.000,332.000,345.000,300.000,280.000,320.000,295.000,273.000,268.000,272.000,271.000,265.000,240.000,238.000,206.000,246.000,211.000,209.000,222.000,184.000,192.000,183.000,173.000,182.000,178.000,183.000,186.000,177.000,158.000,161.000,144.000,143.000,127.000,138.000,105.000,93.000,124.000,138.000,108.000,125.000,108.000,112.000,4655.000
81,0.000,6.000,73935.000,8067.000,8831.000,6520.000,5630.000,6039.000,4647.000,4903.000,5508.000,5115.000,4122.000,4119.000,4026.000,3871.000,3622.000,3518.000,3442.000,3310.000,3173.000,3066.000,3032.000,3002.000,2854.000,2809.000,2753.000,2692.000,2571.000,2565.000,2454.000,2379.000,2408.000,2283.000,2202.000,2245.000,2111.000,2037.000,2030.000,1984.000,1999.000,1886.000,1914.000,1936.000,1804.000,1794.000,1801.000,1767.000,1629.000,1638.000,1643.000,1617.000,1597.000,1665.000,1531.000,1596.000,1465.000,1552.000,1479.000,1478.000,1440.000,1404.000,1355.000,1436.000,1360.000,1360.000,1288.000,1347.000,1321.000,1192.000,1281.000,1173.000,1119.000,1119.000,1108.000,1123.000,1102.000,1056.000,1012.000,1038.000,984.000,1051.000,981.000,934.000,891.000,957.000,921.000,977.000,964.000,914.000,918.000,902.000,919.000,908.000,825.000,827.000,897.000,899.000,816.000,858.000,856.000,829.000,832.000,866.000,820.000,869.000,833.000,813.000,856.000,880.000,915.000,852.000,850.000,811.000,901.000,818.000,868.000,869.000,900.000,896.000,872.000,831.000,816.000,894.000,879.000,828.000,866.000,896.000,902.000,875.000,876.000,843.000,871.000,818.000,845.000,914.000,879.000,887.000,845.000,837.000,853.000,874.000,839.000,843.000,871.000,845.000,845.000,778.000,856.000,787.000,785.000,813.000,846.000,773.000,762.000,1071.000,808.000,796.000,737.000,751.000,765.000,698.000,1034.000,636.000,624.000,625.000,626.000,634.000,600.000,600.000,596.000,548.000,636.000,578.000,577.000,533.000,535.000,565.000,547.000,507.000,534.000,567.000,524.000,512.000,515.000,544.000,485.000,541.000,545.000,550.000,537.000,539.000,552.000,565.000,532.000,530.000,566.000,501.000,543.000,574.000,567.000,568.000,539.000,577.000,559.000,565.000,563.000,596.000,592.000,602.000,598.000,606.000,715.000,635.000,1188.000,530.000,513.000,540.000,573.000,590.000,645.000,999.000,497.000,555.000,606.000,568.000,585.000,575.000,602.000,665.000,586.000,621.000,684.000,706.000,711.000,758.000,792.000,793.000,1048.000,693.000,650.000,763.000,739.000,761.000,798.000,847.000,834.000,1089.000,768.000,864.000,902.000,921.000,1010.000,1457.000,859.000,1343.000,1311.000,6975.000
82,0.000,6.000,262571.000,4576.000,4619.000,4615.000,4600.000,4727.000,4718.000,4733.000,4638.000,4815.000,4640.000,4756.000,4751.000,4812.000,4868.000,4717.000,4902.000,4876.000,4803.000,4898.000,4851.000,4825.000,4855.000,4838.000,4882.000,4737.000,4974.000,5027.000,4873.000,4892.000,4985.000,4936.000,4898.000,4776.000,4766.000,5006.000,4898.000,4858.000,4715.000,4765.000,4766.000,4777.000,4741.000,4753.000,4610.000,4809.000,4713.000,4645.000,4729.000,4530.000,4517.000,4592.000,4496.000,4636.000,4434.000,4427.000,4452.000,4386.000,4512.000,4408.000,4421.000,4264.000,4166.000,4261.000,4262.000,4092.000,4161.000,4089.000,3948.000,3969.000,3948.000,4027.000,4003.000,3890.000,3847.000,3812.000,3846.000,3793.000,3739.000,3663.000,3578.000,3516.000,3481.000,3624.000,3574.000,3542.000,3500.000,3341.000,3400.000,3377.000,3321.000,3337.000,3256.000,3261.000,3318.000,3093.000,3123.000,3175.000,3098.000,3040.000,3042.000,2995.000,2982.000,2962.000,2854.000,2861.000,2849.000,2854.000,2759.000,2722.000,2718.000,2671.000,2560.000,2476.000,2460.000,2412.000,2462.000,2403.000,2417.000,2257.000,2272.000,2240.000,2164.000,2115.000,2052.000,1995.000,1948.000,1925.000,1885.000,1814.000,1793.000,1757.000,1709.000,1593.000,1488.000,1441.000,1401.000,1388.000,1291.000,1296.000,1260.000,1198.000,1241.000,1125.000,1133.000,1105.000,1056.000,1034.000,1001.000,992.000,960.000,854.000,855.000,860.000,867.000,788.000,812.000,763.000,743.000,706.000,641.000,639.000,633.000,588.000,608.000,586.000,618.000,524.000,532.000,502.000,514.000,482.000,471.000,467.000,391.000,398.000,439.000,374.000,369.000,371.000,353.000,334.000,311.000,348.000,288.000,304.000,303.000,277.000,248.000,262.000,259.000,258.000,238.000,213.000,205.000,209.000,185.000,195.000,189.000,193.000,178.000,184.000,162.000,138.000,134.000,158.000,140.000,138.000,130.000,131.000,109.000,125.000,113.000,114.000,110.000,79.000,88.000,99.000,102.000,79.000,87.000,80.000,81.000,73.000,71.000,51.000,56.000,61.000,69.000,51.000,64.000,58.000,54.000,57.000,54.000,53.000,47.000,58.000,43.000,37.000,48.000,47.000,37.000,42.000,42.000,40.000,44.000,43.000,35.000,43.000,35.000,43.000,34.000,30.000,33.000,1852.000
83,0.000,6.000,250905.000,7444.000,8084.000,7711.000,7315.000,7085.000,7326.000,7066.000,7056.000,6957.000,6860.000,6853.000,6890.000,6776.000,6748.000,6671.000,6615.000,6762.000,6527.000,6622.000,6466.000,6478.000,6311.000,6532.000,6233.000,6419.000,6766.000,6268.000,6353.000,6201.000,6024.000,6017.000,5927.000,5829.000,6244.000,5802.000,5933.000,5911.000,5885.000,5725.000,5668.000,5748.000,5631.000,5636.000,5491.000,5449.000,5304.000,5372.000,5255.000,5085.000,5144.000,5206.000,4892.000,4924.000,4842.000,4806.000,4624.000,4584.000,4532.000,4486.000,4398.000,4419.000,4365.000,4166.000,3943.000,4055.000,4077.000,4242.000,3639.000,3631.000,3642.000,3582.000,3672.000,3350.000,3281.000,3136.000,3097.000,2968.000,2918.000,2871.000,2814.000,2666.000,2925.000,2350.000,2271.000,2371.000,2207.000,2361.000,2203.000,2164.000,2109.000,2079.000,1978.000,1893.000,1816.000,1860.000,1732.000,1646.000,1699.000,1703.000,1638.000,1639.000,1542.000,1495.000,1547.000,1469.000,1431.000,1379.000,1479.000,1417.000,1635.000,1369.000,1330.000,1267.000,1232.000,1315.000,1625.000,1274.000,1312.000,1360.000,1341.000,1318.000,1406.000,1235.000,1252.000,1188.000,1205.000,1174.000,1088.000,1144.000,1127.000,1143.000,1113.000,1062.000,1078.000,1098.000,1005.000,968.000,1001.000,1035.000,941.000,993.000,1051.000,912.000,964.000,955.000,872.000,970.000,912.000,826.000,910.000,892.000,925.000,824.000,823.000,816.000,813.000,760.000,786.000,903.000,732.000,712.000,611.000,625.000,645.000,610.000,578.000,595.000,570.000,584.000,510.000,528.000,552.000,522.000,581.000,479.000,785.000,415.000,385.000,420.000,418.000,369.000,360.000,319.000,321.000,326.000,330.000,320.000,314.000,281.000,244.000,279.000,274.000,243.000,316.000,197.000,193.000,201.000,184.000,209.000,209.000,191.000,163.000,162.000,156.000,173.000,152.000,148.000,156.000,135.000,138.000,118.000,133.000,116.000,136.000,122.000,113.000,98.000,90.000,72.000,89.000,89.000,81.000,79.000,81.000,81.000,82.000,85.000,78.000,102.000,262.000,165.000,189.000,127.000,90.000,80.000,96.000,73.000,54.000,68.000,46.000,47.000,62.000,47.000,48.000,42.000,30.000,28.000,37.000,34.000,18.000,29.000,24.000,20.000,23.000,537.000
84,0.000,6.000,539485.000,1526.000,1542.000,1532.000,1427.000,1479.000,1507.000,1491.000,1465.000,1528.000,1503.000,1465.000,1516.000,1468.000,1441.000,1519.000,1495.000,1557.000,1432.000,1439.000,1447.000,1470.000,1458.000,1451.000,1448.000,1449.000,1469.000,1398.000,1484.000,1473.000,1425.000,1427.000,1454.000,1427.000,1492.000,1424.000,1356.000,1392.000,1382.000,1396.000,1371.000,1349.000,1406.000,1316.000,1419.000,1259.000,1388.000,1378.000,1375.000,1301.000,1341.000,1357.000,1334.000,1295.000,1287.000,1320.000,1338.000,1314.000,1261.000,1303.000,1331.000,1284.000,1270.000,1260.000,1313.000,1291.000,1274.000,1250.000,1272.000,1302.000,1289.000,1263.000,1219.000,1151.000,1263.000,1273.000,1237.000,1208.000,1253.000,1178.000,1238.000,1252.000,1165.000,1231.000,1194.000,1228.000,1148.000,1173.000,1173.000,1132.000,1154.000,1169.000,1129.000,1166.000,1123.000,1130.000,1121.000,1138.000,1107.000,1147.000,1099.000,1115.000,1160.000,1056.000,1115.000,1110.000,1081.000,1057.000,1086.000,1061.000,1052.000,1042.000,995.000,1008.000,1095.000,1008.000,1070.000,1004.000,1003.000,1021.000,1017.000,1005.000,972.000,998.000,930.000,1010.000,933.000,957.000,977.000,963.000,972.000,916.000,968.000,943.000,973.000,931.000,930.000,939.000,904.000,939.000,866.000,862.000,855.000,892.000,879.000,853.000,847.000,867.000,822.000,886.000,831.000,866.000,860.000,851.000,840.000,805.000,834.000,812.000,773.000,835.000,775.000,774.000,777.000,729.000,735.000,760.000,778.000,784.000,744.000,720.000,727.000,745.000,751.000,749.000,742.000,730.000,683.000,753.000,696.000,732.000,653.000,712.000,738.000,653.000,696.000,666.000,681.000,644.000,699.000,633.000,643.000,634.000,582.000,630.000,629.000,620.000,587.000,596.000,558.000,591.000,636.000,584.000,573.000,593.000,598.000,613.000,571.000,537.000,564.000,500.000,562.000,574.000,538.000,549.000,557.000,532.000,525.000,578.000,534.000,544.000,464.000,480.000,478.000,521.000,531.000,470.000,483.000,445.000,474.000,489.000,483.000,477.000,489.000,463.000,472.000,446.000,422.000,485.000,476.000,434.000,485.000,452.000,411.000,390.000,425.000,466.000,396.000,417.000,422.000,412.000,427.000,390.000,398.000,380.000,396.000,35359.000
85,0.000,5.821,5471.490,863.249,882.635,857.448,821.443,816.961,797.583,745.133,735.016,699.500,654.234,672.044,637.280,642.301,648.173,639.778,592.198,647.353,591.937,571.777,546.903,565.658,539.554,557.871,558.118,500.142,509.579,531.715,518.735,501.860,487.318,509.451,524.788,492.952,461.680,479.857,468.304,455.692,492.079,410.458,444.543,441.052,412.619,436.325,419.245,415.431,429.109,382.254,357.846,348.692,379.410,384.951,394.938,378.963,357.485,382.761,343.826,364.053,347.404,347.535,334.286,334.513,311.736,291.798,290.842,306.745,315.428,294.891,319.615,281.196,293.951,300.002,255.773,241.518,258.292,260.136,241.989,248.482,247.206,238.578,232.840,244.745,223.506,210.341,215.838,205.746,201.530,183.641,176.136,171.172,186.613,176.711,175.086,182.362,174.312,161.697,170.358,153.276,155.779,139.921,134.071,135.842,137.510,146.133,147.004,124.457,123.657,118.191,107.038,121.423,104.526,111.846,101.115,105.111,102.149,107.543,91.898,101.737,101.999,96.246,95.704,85.837,85.935,84.002,71.469,76.167,61.074,66.981,72.849,64.105,57.074,70.209,59.127,64.236,54.413,54.096,46.852,56.001,50.468,46.284,51.399,42.781,37.308,41.281,52.414,37.764,34.306,37.030,39.752,37.363,31.648,24.799,28.867,30.481,31.154,27.924,24.358,25.192,23.301,18.566,20.798,22.741,28.552,17.927,20.430,20.526,9.211,22.783,13.763,16.867,14.988,19.670,16.175,17.761,16.505,14.815,14.841,9.775,16.347,18.913,14.000,12.643,13.660,5.842,10.524,9.827,8.147,10.334,5.660,6.965,5.317,4.253,4.954,3.401,6.627,10.528,3.060,7.395,7.763,6.628,4.923,5.252,2.068,2.459,5.831,4.880,1.293,3.014,5.071,3.702,6.891,5.987,4.489,4.718,2.144,1.564,0.556,0.646,1.015,2.203,0.941,0.718,1.372,1.592,2.066,2.311,0.374,1.626,0.000,0.000,2.023,0.856,0.596,2.354,0.171,1.000,1.000,0.167,0.833,2.000,0.000,0.000,0.000,0.000,0.000,0.000,0.000,0.000,0.000,0.000,0.000,0.000,0.000,0.000,0.000,1.000
86,-7.427,7.862,1.000,0.000,0.000,0.000,0.000,0.000,0.000,0.000,0.000,0.000,0.572,0.428,0.010,0.239,0.610,0.548,0.508,0.085,0.000,0.000,0.000,0.040,1.051,1.089,0.762,1.052,0.792,0.977,1.042,1.236,0.926,0.061,0.826,1.319,1.519,1.099,0.912,0.627,0.871,1.142,0.648,1.886,2.976,1.581,1.049,1.478,0.866,1.955,2.876,2.124,3.114,2.124,1.327,0.944,2.365,2.256,2.444,2.239,1.363,1.880,2.310,3.153,3.336,3.210,3.798,4.872,4.659,2.792,2.917,4.373,5.417,3.478,4.335,10.601,8.159,5.499,4.992,6.126,4.379,6.083,6.438,8.180,7.327,6.960,6.235,7.009,9.188,7.399,6.523,6.181,7.163,4.814,7.902,8.091,4.868,5.665,6.469,5.503,6.280,6.057,6.030,6.980,5.112,4.266,5.754,6.207,6.389,5.328,6.684,7.499,3.580,3.056,1.728,2.740,4.658,3.741,1.943,2.462,2.569,3.914,4.486,2.447,1.188,2.353,3.481,1.707,3.093,2.641,1.977,1.412,2.037,2.230,2.153,3.940,3.214,0.861,0.844,2.159,3.234,1.212,2.202,3.733,3.335,4.281,4.492,2.651,3.192,2.790,2.531,2.116,1.865,1.971,1.187,2.115,1.941,2.987,2.883,2.536,3.550,2.488,1.781,3.619,4.173,3.131,2.717,2.203,1.681,2.501,3.144,1.986,1.296,1.413,3.739,4.146,2.207,1.662,1.528,2.419,3.333,3.794,2.362,3.306,1.689,0.769,3.307,2.956,4.525,1.588,0.976,0.828,1.578,2.199,1.091,1.852,2.538,2.638,1.614,1.452,2.442,1.729,0.460,1.648,0.304,0.222,1.535,2.111,1.005,0.381,0.566,1.123,0.015,0.470,2.696,2.447,0.642,0.929,0.577,1.052,1.327,1.148,0.540,0.487,0.492,0.167,0.009,0.723,0.277,0.000,0.265,0.584,0.145,0.006,0.000,0.000,0.000,0.000,0.010,0.265,0.724,0.000,0.000,0.000,0.000,0.000,0.000,0.000,0.000,0.000,0.000,0.000,0.000,0.000,0.000,0.000,0.000,1.000
87,0.000,1.000,146.465,48.080,39.601,26.059,17.698,12.813,11.952,8.286,14.255,6.732,5.060,7.009,3.970,2.004,2.016,1.006,3.987,2.007,3.007,1.994,1.001,1.000,0.999,2.000,1.008,1.991,1.001,2.999,0.015,1.985,0.006,1.999,2.006,0.990,0.024,1.892,1.097,1.986,0.001,1.000,1.000,1.013,0.987,0.000,0.000,0.000,1.000,0.004,0.098,0.843,0.063,1.008,0.984,0.000,0.000,0.000,0.000,0.000,0.018,0.981,0.000,1.000,0.000,0.000,1.000,0.000,0.000,0.000,0.000,0.000,0.000,0.000,0.000,0.000,0.000,0.000,0.000,0.000,0.000,0.000,0.000,0.000,0.000,0.000,0.000,0.000,0.000,0.000,0.000,0.000,0.000,0.000,0.000,0.000,0.000,0.000,0.000,0.000,0.000,0.000,0.000,0.000,0.000,0.000,0.000,0.000,0.000,0.000,0.000,0.000,1.000,0.000,0.000,0.000,0.000,0.000,0.000,0.000,0.000,0.000,0.000,0.000,0.000,0.000,0.000,0.000,0.000,1.000,0.000,0.000,0.000,0.000,0.000,0.000,0.000,0.000,0.000,0.000,0.000,0.000,0.000,0.000,0.000,0.000,0.000,0.000,0.000,0.000,0.000,0.000,0.000,0.000,0.000,0.000,0.000,0.000,0.000,0.000,0.000,0.000,0.000,0.000,0.000,0.000,0.000,0.000,0.000,0.000,0.000,0.000,0.000,0.000,0.000,0.000,0.000,0.000,0.000,0.000,0.000,0.000,0.000,0.000,0.000,0.000,0.000,0.000,1.000,0.000,1.000,0.000,0.001,0.059,0.940,0.000,0.000,0.000,0.000,0.000,0.000,0.001,0.068,1.073,0.954,1.939,1.290,0.655,1.019,1.000,1.000,1.000,0.000,0.000,0.000,0.003,1.051,0.323,0.616,1.007,1.034,0.966,0.001,1.102,1.898,4.069,1.938,1.186,2.806,3.000,2.000,0.000,1.000,1.000,0.001,0.071,1.927,3.039,1.013,2.386,1.062,3.576,0.980,4.523,4.780,3.298,3.295,8.179,2.482,4.388,7.085,9.131,7.878,9.094,9.255,21.544,18.952,33.059
